Reference,Value,Footprint,Description
U1,ESP32-WROOM-32,RF_Module:ESP32-WROOM-32,ESP32 WiFi Module
U2,AMS1117-3.3,Package_TO_SOT_SMD:SOT-223,3.3V LDO Regulator
Q1,IRLZ44N,Package_TO_SOT_THT:TO-220-3_Vertical,MOSFET Channel 1 (LEFT BANK)
Q2,IRLZ44N,Package_TO_SOT_THT:TO-220-3_Vertical,MOSFET Channel 2 (LEFT BANK)
Q3,IRLZ44N,Package_TO_SOT_THT:TO-220-3_Vertical,MOSFET Channel 3 (LEFT BANK)
Q4,IRLZ44N,Package_TO_SOT_THT:TO-220-3_Vertical,MOSFET Channel 4 (LEFT BANK)
Q5,IRLZ44N,Package_TO_SOT_THT:TO-220-3_Vertical,MOSFET Channel 5 (RIGHT BANK)
Q6,IRLZ44N,Package_TO_SOT_THT:TO-220-3_Vertical,MOSFET Channel 6 (RIGHT BANK)
Q7,IRLZ44N,Package_TO_SOT_THT:TO-220-3_Vertical,MOSFET Channel 7 (RIGHT BANK)
Q8,IRLZ44N,Package_TO_SOT_THT:TO-220-3_Vertical,MOSFET Channel 8 (RIGHT BANK)
R1,100R,Resistor_SMD:R_0805_2012Metric,Gate resistor CH1
R2,100R,Resistor_SMD:R_0805_2012Metric,Gate resistor CH2
R3,100R,Resistor_SMD:R_0805_2012Metric,Gate resistor CH3
R4,100R,Resistor_SMD:R_0805_2012Metric,Gate resistor CH4
R5,100R,Resistor_SMD:R_0805_2012Metric,Gate resistor CH5
R6,100R,Resistor_SMD:R_0805_2012Metric,Gate resistor CH6
R7,100R,Resistor_SMD:R_0805_2012Metric,Gate resistor CH7
R8,100R,Resistor_SMD:R_0805_2012Metric,Gate resistor CH8
R9,10K,Resistor_SMD:R_0805_2012Metric,Pull-down CH1
R10,10K,Resistor_SMD:R_0805_2012Metric,Pull-down CH2
R11,10K,Resistor_SMD:R_0805_2012Metric,Pull-down CH3
R12,10K,Resistor_SMD:R_0805_2012Metric,Pull-down CH4
R13,10K,Resistor_SMD:R_0805_2012Metric,Pull-down CH5
R14,10K,Resistor_SMD:R_0805_2012Metric,Pull-down CH6
R15,10K,Resistor_SMD:R_0805_2012Metric,Pull-down CH7
R16,10K,Resistor_SMD:R_0805_2012Metric,Pull-down CH8
R17,10K,Resistor_SMD:R_0805_2012Metric,Pull-up Button 1
R18,10K,Resistor_SMD:R_0805_2012Metric,Pull-up Button 2
C1,100nF,Capacitor_SMD:C_0805_2012Metric,Decoupling 3.3V
C2,10uF,Capacitor_SMD:C_0805_2012Metric,Bulk capacitor
C3,100nF,Capacitor_SMD:C_0805_2012Metric,WS2812 decoupling
D1,WS2812B,LED_SMD:LED_WS2812B_PLCC4_5.0x5.0mm_P3.2mm,Status LED
SW1,RESET,Button_Switch_THT:SW_PUSH_6mm,Reset button GPIO32
SW2,TEST,Button_Switch_THT:SW_PUSH_6mm,Test button GPIO33
J1,PWR_12-24V,TerminalBlock:TerminalBlock_bornier-2_P5.08mm,Power input connector
J2,LED_CH1,TerminalBlock:TerminalBlock_bornier-2_P5.08mm,LED output channel 1
J3,LED_CH2,TerminalBlock:TerminalBlock_bornier-2_P5.08mm,LED output channel 2
J4,LED_CH3,TerminalBlock:TerminalBlock_bornier-2_P5.08mm,LED output channel 3
J5,LED_CH4,TerminalBlock:TerminalBlock_bornier-2_P5.08mm,LED output channel 4
J8,LED_CH5,TerminalBlock:TerminalBlock_bornier-2_P5.08mm,LED output channel 5
J9,LED_CH6,TerminalBlock:TerminalBlock_bornier-2_P5.08mm,LED output channel 6
J10,LED_CH7,TerminalBlock:TerminalBlock_bornier-2_P5.08mm,LED output channel 7
J11,LED_CH8,TerminalBlock:TerminalBlock_bornier-2_P5.08mm,LED output channel 8
